epoch,time,train/box_loss,train/cls_loss,train/dfl_loss,metrics/precision(B),metrics/recall(B),metrics/mAP50(B),metrics/mAP50-95(B),val/box_loss,val/cls_loss,val/dfl_loss,lr/pg0,lr/pg1,lr/pg2
1,426.031,1.33281,1.87677,1.33938,0.54823,0.38388,0.39965,0.27082,1.2576,1.51471,1.26031,0.00333224,0.00333224,0.00333224
2,842.206,1.43288,1.9009,1.41663,0.49912,0.35782,0.36756,0.24636,1.30566,1.57192,1.3098,0.00659959,0.00659959,0.00659959
3,1229.23,1.53263,2.13635,1.49721,0.44283,0.31633,0.31668,0.20616,1.36546,1.70978,1.36354,0.00980093,0.00980093,0.00980093
4,1644.7,1.57181,2.22156,1.53524,0.498,0.34884,0.35896,0.23701,1.31127,1.59343,1.33009,0.009703,0.009703,0.009703
